{
    "camera_matrix": [
        [
            659.0698828362478,
            0.0,
            300.375820465348
        ],
        [
            0.0,
            662.1361716994631,
            231.05118312581743
        ],
        [
            0.0,
            0.0,
            1.0
        ]
    ],
    "distortion_coefficients": [
        [
            0.1439156811966649,
            -0.9552330494727554,
            -0.0062549885138502,
            0.001763892236708085,
            1.7592603104659732
        ]
    ],
    "rotation_vectors": [
        [
            [
                -0.5727862077708987
            ],
            [
                -0.6047808983837201
            ],
            [
                -2.8010855911386265
            ]
        ],
        [
            [
                -0.8031196229252198
            ],
            [
                0.018651076028959
            ],
            [
                2.848659220841277
            ]
        ],
        [
            [
                0.027023935745537953
            ],
            [
                -0.013396183893589764
            ],
            [
                -3.11629636982931
            ]
        ],
        [
            [
                -0.3052385038139114
            ],
            [
                0.6421867038349237
            ],
            [
                -3.008534686813775
            ]
        ],
        [
            [
                0.02837136420755933
            ],
            [
                0.6728789240463373
            ],
            [
                -2.994066039252001
            ]
        ],
        [
            [
                0.1190041409567721
            ],
            [
                -0.2649924249866131
            ],
            [
                -2.6828790388607118
            ]
        ],
        [
            [
                0.09095114466124413
            ],
            [
                -0.02759714050554807
            ],
            [
                2.5984472341707665
            ]
        ],
        [
            [
                0.3108619381888902
            ],
            [
                -0.38950903901054285
            ],
            [
                3.046866628211119
            ]
        ],
        [
            [
                0.6086621183152614
            ],
            [
                -0.7735959855973752
            ],
            [
                -2.7877356003179754
            ]
        ],
        [
            [
                0.04366801667765229
            ],
            [
                -0.15692341902116883
            ],
            [
                -2.785565779667713
            ]
        ],
        [
            [
                0.5113094762542258
            ],
            [
                0.10812499349865902
            ],
            [
                3.021609699875595
            ]
        ],
        [
            [
                0.004364807039406522
            ],
            [
                -0.04630867614769204
            ],
            [
                2.261646738059545
            ]
        ],
        [
            [
                0.03073014992587064
            ],
            [
                -0.13974571510469366
            ],
            [
                -3.125916620768668
            ]
        ],
        [
            [
                -0.3320188611169364
            ],
            [
                -0.7408928419721462
            ],
            [
                -2.8457206956356034
            ]
        ],
        [
            [
                0.5567514982013589
            ],
            [
                -0.18459318698636656
            ],
            [
                -2.9725982868179552
            ]
        ],
        [
            [
                -0.6736556377400925
            ],
            [
                -0.22254982577158838
            ],
            [
                -2.906698138415497
            ]
        ],
        [
            [
                0.2726537929869732
            ],
            [
                -0.08047980060439086
            ],
            [
                -2.6588618006461706
            ]
        ],
        [
            [
                0.7635415336852425
            ],
            [
                -0.27542902969751937
            ],
            [
                -2.9367974106628965
            ]
        ],
        [
            [
                0.10912897646682837
            ],
            [
                -0.7698257578808697
            ],
            [
                -2.5734540750009716
            ]
        ],
        [
            [
                -0.5068134474378172
            ],
            [
                0.7039886278189333
            ],
            [
                2.830621414711956
            ]
        ],
        [
            [
                0.5072695949349746
            ],
            [
                0.380674493523037
            ],
            [
                -2.9921604733014666
            ]
        ],
        [
            [
                0.10950635437762529
            ],
            [
                0.33169443995881215
            ],
            [
                2.8514407163347775
            ]
        ],
        [
            [
                0.1658621036332726
            ],
            [
                -0.11591949433645994
            ],
            [
                -2.995373526443129
            ]
        ],
        [
            [
                -0.06915676310433767
            ],
            [
                -1.2811758815015726
            ],
            [
                -2.719548409228601
            ]
        ]
    ],