{
    "camera_matrix": [
        [
            1007.0552990917297,
            0.0,
            571.3992025708543
        ],
        [
            0.0,
            1008.8208747973775,
            362.8802436743432
        ],
        [
            0.0,
            0.0,
            1.0
        ]
    ],
    "distortion_coefficients": [
        [
            0.15598007833664773,
            -0.7530211917006989,
            0.0038484405389142976,
            -0.010801143916092007,
            0.9818689966904189
        ]
    ],
    "rotation_vectors": [
        [
            [
                0.09328971011859853
            ],
            [
                -0.2934568497465473
            ],
            [
                0.10731503260502677
            ]
        ],
        [
            [
                -0.14700852550360788
            ],
            [
                0.3017316487265069
            ],
            [
                0.1734376618982779
            ]
        ],
        [
            [
                0.04491312983699078
            ],
            [
                -0.5291322468979005
            ],
            [
                0.33671818516843177
            ]
        ],
        [
            [
                0.249666212418208
            ],
            [
                -0.2184708015250397
            ],
            [
                0.2560226786964561
            ]
        ],
        [
            [
                0.029970230585698268
            ],
            [
                0.48915366836377094
            ],
            [
                -0.06589666057993877
            ]
        ],
        [
            [
                -0.5042328561813338
            ],
            [
                0.496198949275696
            ],
            [
                -0.037492165971584106
            ]
        ],
        [
            [
                -0.6799461597390964
            ],
            [
                0.45524394086722497
            ],
            [
                -0.02351709244200079
            ]
        ],
        [
            [
                -0.49479715491246423
            ],
            [
                -0.10917089182232981
            ],
            [
                0.24573080482591791
            ]
        ],
        [
            [
                -0.4817751494730991
            ],
            [
                -0.4370394070911336
            ],
            [
                0.24652180916387048
            ]
        ],
        [
            [
                -0.16459595805981078
            ],
            [
                0.02897616239294674
            ],
            [
                0.144659155844027
            ]
        ],
        [
            [
                -0.3052961414474548
            ],
            [
                0.2980542781576296
            ],
            [
                0.5304739117456004
            ]
        ],
        [
            [
                -0.34188624802193246
            ],
            [
                -0.04937977201055557
            ],
            [
                -0.4233392850777949
            ]
        ],
        [
            [
                -0.7992556718461945
            ],
            [
                0.17744123864437825
            ],
            [
                -0.15304377501625605
            ]
        ],
        [
            [
                -0.7950491167646514
            ],
            [
                0.23994809116426782
            ],
            [
                -0.1021973479630876
            ]
        ],
        [
            [
                -0.8137054923142549
            ],
            [
                -0.04858835257317552
            ],
            [
                0.025910207391213382
            ]
        ],
        [
            [
                -0.7415723733909366
            ],
            [
                0.26958178176858977
            ],
            [
                0.020888785323526216
            ]
        ],
        [
            [
                -0.5082476835117783
            ],
            [
                0.3932512234670742
            ],
            [
                0.029171562661334395
            ]
        ],
        [
            [
                -0.3642878428599074
            ],
            [
                0.2994208767223146
            ],
            [
                0.04095171119831419
            ]
        ],
        [
            [
                -0.20785237700737214
            ],
            [
                0.13477328499651844
            ],
            [
                0.08628398965798834
            ]
        ],
        [
            [
                -0.30511096285321915
            ],
            [
                0.062377790299775464
            ],
            [
                0.32937567565080655
            ]
        ],
        [
            [
                -0.32185718717866835
            ],
            [
                0.06264634315571023
            ],
            [
                0.039216600322241495
            ]
        ],
        [
            [
                -0.31144453177148185
            ],
            [
                0.05908485943805572
            ],
            [
                -0.06588678368486237
            ]
        ],
        [
            [
                -0.2472185988423429
            ],
            [
                0.05259281456389904
            ],
            [
                0.8173168533444486
            ]
        ],
        [
            [
                -0.21684581749203377
            ],
            [
                0.5351393023444081
            ],
            [
                -0.15060654273287583
            ]
        ],
        [
            [
                -0.18930474287881147
            ],
            [
                0.04755737062969408
            ],
            [
                -0.027427156214108486
            ]
        ],
        [
            [
                -0.12830026691657917
            ],
            [
                -0.002633271793236293
            ],
            [
                -0.0310686249928109
            ]
        ],
        [
            [
                -0.748355180596473
            ],
            [
                0.03340537482328668
            ],
            [
                0.006089720764266671
            ]
        ]
    ],